Date,Open,High,Low,Close,Volume,OpenInt
1983-03-21,8.97,9.03,8.81,9,528000,0
1983-03-22,8.72,8.97,8.5,8.5,332400,0
1983-03-23,8.5,8.81,8.47,8.72,442400,0
1983-03-24,8.72,8.78,8.66,8.78,412000,0
1983-03-25,8.91,9.06,8.75,8.88,216400,0
1983-03-28,8.85,9.03,8.66,8.69,503200,0
1983-03-29,8.6,8.85,8.35,8.44,788000,0
1983-03-30,8.66,8.81,8.47,8.75,426800,0
1983-03-31,9,9.56,8.31,8.38,643600,0
1983-04-04,8.25,8.35,8,8.28,778800,0
1983-04-05,8.25,8.47,8.16,8.16,605600,0
1983-04-06,7.97,8.06,7.81,7.88,1033200,0
1983-04-07,7.84,7.94,7.75,7.94,888800,0
1983-04-08,8.03,8.16,7.88,8.16,510000,0
1983-04-11,8.28,8.47,8.22,8.41,732400,0
1983-04-12,8.41,8.53,8.38,8.44,736400,0
1983-04-13,8.85,9.19,8.56,8.97,1889200,0
1983-04-14,9.03,9.44,9.03,9.44,1137600,0
1983-04-15,9.44,9.53,9.35,9.41,796800,0
1983-04-18,9.37,9.47,9.19,9.25,764400,0
1983-04-19,9.19,9.25,9,9.1,367600,0
1983-04-20,9.38,9.62,9.12,9.62,1010000,0
1983-04-21,9.5,9.72,9.47,9.47,530000,0
1983-04-22,9.41,9.41,9.22,9.25,372000,0
1983-04-25,9.06,9.31,8.81,8.88,678000,0
1983-04-26,9.16,9.44,8.88,9.44,4800,0
1983-04-27,9.41,9.53,9.25,9.38,366400,0
1983-04-28,9.35,9.44,9.25,9.31,282000,0
1983-04-29,9.41,9.5,9.31,9.5,226800,0
1983-05-02,9.41,9.5,9.28,9.38,553200,0
1983-05-03,9.38,9.91,9.38,9.85,505200,0
1983-05-04,10.22,10.5,9.94,10.47,992000,0
1983-05-05,10.85,11.06,10.62,10.97,1370000,0
1983-05-06,11,11.6,10.94,11.47,784400,0
1983-05-09,11.25,11.38,11.16,11.31,807600,0
1983-05-10,11.31,11.44,11.31,11.44,888000,0
1983-05-11,11.38,11.44,11.25,11.28,376800,0
1983-05-12,11.25,11.28,10.88,10.97,399200,0
1983-05-13,10.97,11.6,10.97,11.53,407600,0
1983-05-16,11.41,11.47,11.25,11.31,603600,0
1983-05-17,11.38,11.47,11.25,11.31,326800,0
1983-05-18,11.25,11.47,11.25,11.35,452000,0
1983-05-19,11.28,11.38,11.12,11.19,411200,0
1983-05-20,11.38,11.75,11.38,11.75,626800,0
1983-05-23,11.97,12,11.72,11.97,458800,0
1983-05-24,12.12,12.66,12.06,12.6,971200,0
1983-05-25,12.97,13.25,12.88,13.1,1002000,0
1983-05-26,13.1,13.1,12.44,12.5,958000,0
1983-05-27,12.53,12.6,12.31,12.41,338000,0
1983-05-31,12.12,12.22,12.1,12.12,525600,0
1983-06-01,12.16,12.62,12.16,12.62,848000,0
1983-06-02,12.72,13.12,12.53,13.1,612400,0
1983-06-03,13.12,13.5,13.1,13.41,546800,0
1983-06-06,13.38,13.66,13.28,13.62,570000,0
1983-06-07,13.56,13.62,13.22,13.22,460800,0
1983-06-08,13.06,13.28,13.03,13.19,460000,0
1983-06-09,13.19,13.25,12.97,13.1,260000,0
1983-06-10,13.12,13.25,13.06,13.06,97600,0
1983-06-13,13.12,13.16,12.75,12.91,214400,0
1983-06-14,12.85,12.94,12.66,12.66,206400,0
1983-06-15,12.66,13.06,12.6,13.06,318800,0
1983-06-16,13.25,13.81,13.25,13.66,299200,0
1983-06-17,13.69,13.78,13.53,13.66,125600,0
1983-06-20,13.62,13.66,13.41,13.47,189200,0
1983-06-21,13.5,13.56,13.1,13.5,341200,0
1983-06-22,14.72,14.81,14.6,14.66,1052400,0
1983-06-23,14.75,16.66,14.69,15.81,1124400,0
1983-06-24,15.88,16.06,15.5,16.06,684800,0
1983-06-27,16.06,16.22,15.38,16.12,598800,0
1983-06-28,16.12,16.62,15.25,15.25,1044400,0
1983-06-29,15.56,15.88,15.25,15.85,1026400,0
1983-06-30,15.94,16.22,15.91,16.12,628800,0
1983-07-01,16.19,16.19,15.91,16.16,187600,0
1983-07-05,15.94,15.94,15.47,15.78,489200,0
1983-07-06,15.72,15.94,15.66,15.91,348000,0
1983-07-07,15.91,16.19,15.78,16.06,287600,0
1983-07-08,16.06,16.12,15.88,15.88,517600,0
1983-07-11,15.81,16.22,15.81,16.22,470800,0
1983-07-12,16.28,16.41,15.81,15.91,362400,0
1983-07-13,15.69,15.75,14.78,15.44,545600,0
1983-07-14,15.44,15.48,14.72,14.75,761200,0
1983-07-15,14.75,14.81,14.25,14.44,426800,0
1983-07-18,14.31,14.31,13.94,14.03,564400,0
1983-07-19,14.19,14.81,14.19,14.72,447600,0
1983-07-20,15.06,15.75,15,15.75,410800,0
1983-07-21,16.5,17.44,16.41,16.97,1469200,0
1983-07-22,16.51,16.91,16.12,16.28,488800,0
1983-07-25,16.16,16.47,16.12,16.47,296400,0
1983-07-26,16.47,16.84,16.41,16.56,520800,0
1983-07-27,16.66,16.69,15.85,15.97,450000,0
1983-07-28,15.91,15.94,14.78,14.85,378000,0
1983-07-29,14.6,14.88,14.53,14.88,579200,0
1983-08-01,14.75,15.22,14.75,15,751200,0
1983-08-02,15,15.12,14.66,14.66,240000,0
1983-08-03,14.69,14.78,14.38,14.5,620800,0
1983-08-04,14.56,14.56,13.94,14.19,339200,0
1983-08-05,14.25,14.41,14,14.19,419200,0
1983-08-08,14.1,14.1,13.88,14,246400,0
1983-08-09,13.88,13.94,13.03,13.38,1136800,0
1983-08-10,13.38,13.62,13.16,13.41,684800,0
1983-08-11,13.53,14.06,13.53,14,608800,0
1983-08-12,14.1,14.35,14.1,14.19,278800,0
1983-08-15,14.25,14.53,14.25,14.28,403200,0
1983-08-16,14.35,14.35,13.31,13.47,1093200,0
1983-08-17,13.5,13.6,13.28,13.53,340800,0
1983-08-18,13.56,13.62,13.31,13.31,208000,0
1983-08-19,13.31,13.69,13,13.69,415200,0
1983-08-22,13.94,14.1,12.85,12.97,619200,0
1983-08-23,13.12,13.94,13.12,13.75,343400,0
1983-08-24,13.88,14.44,13.31,13.5,580600,0
1983-08-25,13.62,14,13.31,13.69,339000,0
1983-08-26,13.88,14.81,13.75,14.62,484000,0
1983-08-29,14.38,15.38,14.12,15.38,627800,0
1983-08-30,15.38,15.62,15.06,15.31,569000,0
1983-08-31,15.25,15.88,15.12,15.88,613800,0
1983-09-01,16,16,15.25,15.44,461200,0
1983-09-02,15.44,16,15.44,16,443400,0
1983-09-06,16.5,16.94,16.25,16.44,885600,0
1983-09-07,16.44,16.5,15.81,16,591800,0
1983-09-08,16,16.38,15.62,16,563800,0
1983-09-09,16.07,16.07,15,15.19,612200,0
1983-09-12,15.88,15.88,14.56,14.62,675000,0
1983-09-13,14.5,14.75,14,14.69,941000,0
1983-09-14,14.44,14.69,14.25,14.38,504000,0
1983-09-15,14.38,15.12,14,14.88,687600,0
1983-09-16,14.81,15.56,14.81,15.25,395400,0
1983-09-19,15.44,16.19,15.31,16,419000,0
1983-09-20,16,16.38,15.69,15.75,468200,0
1983-09-21,15.75,15.88,15.62,15.75,469400,0
1983-09-22,15.81,16.25,15.75,16.12,1004000,0
1983-09-23,16.07,16.07,14.81,15.38,745600,0
1983-09-26,15.56,15.56,14.62,15,950600,0
1983-09-27,14.94,15.31,14.88,15.06,850600,0
1983-09-28,15.06,15.94,15.06,15.88,658200,0
1983-09-29,16.12,16.38,15.31,15.31,648400,0
1983-09-30,15.5,15.56,14.5,14.5,541000,0
1983-10-03,14.62,15,14.56,15,461800,0
1983-10-04,15.19,15.5,14.75,15.44,801600,0
1983-10-05,15.38,15.56,15.38,15.56,880400,0
1983-10-06,15.69,16.12,15.62,16.07,620600,0
1983-10-07,16.32,16.32,16.32,16.32,1586200,0
1983-10-10,16.12,16.82,16.07,16.82,830400,0
1983-10-11,16.32,16.62,15.81,15.81,752600,0
1983-10-12,15.81,16.19,15.5,15.62,401800,0
1983-10-13,15.69,15.88,15.5,15.81,407200,0
1983-10-14,15.88,16,15.69,16,213800,0
1983-10-17,16.25,16.57,16,16.44,553800,0
1983-10-18,16.32,16.5,15,15.06,524600,0
1983-10-19,14,15.12,14,15.06,2046200,0
1983-10-20,15.25,15.44,15.12,15.19,573800,0
1983-10-21,15.31,15.31,14.5,14.75,402400,0
1983-10-24,14.56,15.75,14.44,15.62,790000,0
1983-10-25,15.75,16.25,15.44,15.62,606600,0
1983-10-26,15.81,15.94,15.25,15.25,276000,0
1983-10-27,15.12,15.38,15.06,15.31,322400,0
1983-10-28,15.62,16.25,15.38,15.5,826000,0
1983-10-31,15.69,15.69,14.88,15,501200,0
1983-11-01,14.88,15,14.5,14.81,681000,0
1983-11-02,15,15.38,15,15.12,434600,0
1983-11-03,15,15.12,14.56,14.69,366200,0
1983-11-04,14.62,14.81,14.56,14.62,251000,0
1983-11-07,14.56,14.56,13.81,13.81,849600,0
1983-11-08,13.62,13.81,13.38,13.38,724600,0
1983-11-09,13.56,14.81,13.56,14.75,626000,0
1983-11-10,15.25,15.5,15.06,15.38,823400,0
1983-11-11,15.38,16.12,15.31,16.12,777600,0
1983-11-14,16.25,16.38,15.75,15.75,533200,0
1983-11-15,16,16.25,15.69,15.81,712600,0
1983-11-16,16,16,15.69,15.88,285400,0
1983-11-17,16.38,16.38,16.38,16.38,724000,0
1983-11-18,16.38,16.82,16.12,16.75,518800,0
1983-11-21,16.82,17.12,16.62,17.07,581000,0
1983-11-22,17.25,17.25,16.44,16.5,411200,0
1983-11-23,16.44,16.44,16,16.32,300000,0
1983-11-25,16.25,16.88,16.25,16.69,144400,0
1983-11-28,16.69,16.82,16.57,16.69,121600,0
1983-11-29,16.69,17.75,16.62,17.69,850000,0
1983-11-30,17.69,17.69,16.75,17,549000,0
1983-12-01,16.94,17.19,16.69,16.82,508400,0
1983-12-02,16.75,16.88,16.44,16.88,1628800,0
1983-12-05,16.82,16.82,16.44,16.69,253400,0
1983-12-06,16.62,16.82,16.32,16.82,266800,0
1983-12-07,16.62,17.25,16.5,17.19,426000,0
1983-12-08,17.12,17.38,16.5,16.57,564400,0
1983-12-09,16.57,16.75,16.12,16.38,1305000,0
1983-12-12,16.38,16.62,16.25,16.62,428200,0
1983-12-13,16.75,17,16.5,16.5,644400,0
1983-12-14,16.62,16.69,16,16.12,574400,0
1983-12-15,16.12,16.32,16,16.19,561000,0
1983-12-16,16,16.19,15.81,16,727200,0
1983-12-19,16.19,16.44,16,16.07,227800,0
1983-12-20,16.19,16.38,16.12,16.32,225600,0
1983-12-21,16.5,16.62,15.75,15.94,616200,0
1983-12-22,15.94,16.5,15.88,16.12,491000,0
1983-12-23,16.07,16.25,16.07,16.19,210000,0
1983-12-27,16.25,16.57,16.25,16.57,143800,0
1983-12-28,16.57,16.57,16.25,16.38,118800,0
1983-12-29,16.62,17.12,16.38,16.82,719600,0
1983-12-30,16.94,17.12,16.82,16.82,250400,0
1984-01-03,16.82,17.12,16.75,16.88,342200,0
1984-01-04,16.88,17.57,16.82,17.57,655000,0
1984-01-05,17.82,18.12,17.5,17.75,1706600,0
1984-01-06,17.75,18.44,17.62,18,923200,0
1984-01-09,18.5,18.75,18.19,18.38,1097200,0
1984-01-10,18.44,18.5,17.82,17.94,768400,0
1984-01-11,17.88,18,17.5,17.82,537800,0
1984-01-12,17.82,18.62,17.69,18.38,1710400,0
1984-01-13,18.75,18.75,18,18,1543200,0
1984-01-16,18.07,18.57,17.88,18,355400,0
1984-01-17,17.82,18.38,17.82,18.38,326800,0
1984-01-18,18.38,18.38,17.88,17.88,559000,0
1984-01-19,17.94,18.12,17.88,18.12,500000,0
1984-01-20,18.12,18.12,17.57,17.62,490000,0
1984-01-23,17.5,17.5,17.12,17.19,721800,0
1984-01-24,17.12,17.57,17.12,17.32,412800,0
1984-01-25,17.32,17.5,16.5,16.62,447400,0
1984-01-26,16.5,16.75,15.25,15.62,1935600,0
1984-01-27,15.38,15.38,14.5,15.06,1082200,0
1984-01-30,15.12,15.12,14,14.5,1653400,0
1984-01-31,14.62,14.69,14.12,14.38,1052600,0
1984-02-01,14.56,14.75,13.88,14.19,1261800,0
1984-02-02,14.25,14.69,13.81,14.56,1744400,0
1984-02-03,14.56,14.56,14,14.25,639000,0
1984-02-06,14,14.19,13.25,13.38,890000,0
1984-02-07,13.69,14.12,13.19,13.88,882600,0
1984-02-08,13.94,14,12.75,13,961200,0
1984-02-09,12.88,13.94,12.56,13.5,1410400,0
1984-02-10,13.62,13.75,12.81,13.19,1304400,0
1984-02-13,13.25,13.38,12.81,13.38,608200,0
1984-02-14,13.5,13.94,13.44,13.94,401000,0
1984-02-15,13.94,13.94,13.56,13.69,420400,0
1984-02-16,13.69,14.06,13.5,13.81,522400,0
1984-02-17,13.56,13.94,13.5,13.5,445400,0
1984-02-21,13.62,13.94,13.56,13.88,327200,0
1984-02-22,14,14.19,13.81,13.94,542400,0
1984-02-23,13.81,13.81,13,13.5,630400,0
1984-02-24,13.62,14.94,13.62,14.88,765600,0
1984-02-27,15,15.12,14.56,14.88,653200,0
1984-02-28,14.75,14.75,14,14.19,965600,0
1984-02-29,14.25,14.5,13.88,14.12,478800,0
1984-03-01,14.19,14.75,14.12,14.56,672800,0
1984-03-02,14.88,15.25,14.38,14.5,1162800,0
1984-03-05,14.62,14.69,14.31,14.62,150600,0
1984-03-06,14.5,14.69,13.62,13.75,459600,0
1984-03-07,13.44,13.62,13.19,13.56,1070600,0
1984-03-08,13.5,14.06,13.5,13.75,473400,0
1984-03-09,13.81,13.81,13.5,13.75,547800,0
1984-03-12,13.94,14.69,13.94,14.62,565600,0
1984-03-13,14.88,15.38,14.81,15,1346200,0
1984-03-14,14.94,15.25,14.94,14.94,835600,0
1984-03-15,14.94,15.06,14.81,14.94,476000,0
1984-03-16,15.88,15.88,15.12,15.25,967200,0
1984-03-19,15.12,15.12,14.75,14.88,400000,0
1984-03-20,15,15.19,14.75,14.88,630000,0
1984-03-21,14.75,14.81,14.44,14.44,523200,0
1984-03-22,14.31,14.38,14.06,14.06,363800,0
1984-03-23,14.19,14.31,13.81,13.94,364400,0
1984-03-26,13.81,14.19,13.62,14.12,481000,0
1984-03-27,14.12,14.38,14,14.12,474600,0
1984-03-28,14.12,14.81,14.12,14.81,526800,0
1984-03-29,14.81,14.81,14.5,14.56,196800,0
1984-03-30,14.38,14.44,14.25,14.25,340600,0
1984-04-02,14.62,14.81,14.44,14.62,1226800,0
1984-04-03,14.56,14.81,14.25,14.44,685600,0
1984-04-04,14.44,14.62,13.75,13.81,862600,0
1984-04-05,13.88,14,13.38,13.38,864600,0
1984-04-06,13.62,14.38,13.5,13.88,1221200,0
1984-04-09,14,14.25,13.94,14.25,677600,0
1984-04-10,14.5,14.69,14.44,14.56,551600,0
1984-04-11,14.5,14.75,14.31,14.31,648800,0
1984-04-12,14.44,15.38,14,15.38,927600,0
1984-04-13,15.25,15.69,15.12,15.25,1397400,0
1984-04-16,15.19,15.94,14.94,15.88,1089600,0
1984-04-17,16,16.5,15.81,16.19,1988800,0
1984-04-18,16.38,16.69,15.88,16.07,1090600,0
1984-04-19,16.07,16.12,15.75,16.12,951800,0
1984-04-23,16.07,16.5,16.07,16.12,903400,0
1984-04-24,16.12,16.19,15.69,15.88,1051600,0
1984-04-25,15.94,16.32,15.81,16.19,684400,0
1984-04-26,16.32,16.82,16.32,16.75,1037600,0
1984-04-27,16.75,17.25,16.62,17.12,1323200,0
1984-04-30,17.19,17.44,17.07,17.19,941600,0
1984-05-01,17.25,17.44,17.07,17.38,726000,0
1984-05-02,17.32,17.69,17.12,17.32,894000,0
1984-05-03,17.25,17.44,16.69,17,782200,0
1984-05-04,16.88,16.94,16,16.12,1150400,0
1984-05-07,16,16.19,15.88,16.07,653200,0
1984-05-08,16.12,16.62,16,16.62,644000,0
1984-05-09,16.57,16.88,16.44,16.62,1161600,0
1984-05-10,16.62,16.88,16.5,16.69,723200,0
1984-05-11,16.57,16.62,16.25,16.57,572400,0
1984-05-14,16.44,16.62,16.25,16.62,442200,0
1984-05-15,16.5,16.94,16.38,16.82,726000,0
1984-05-16,16.75,16.88,16.44,16.44,288400,0
1984-05-17,16.25,16.32,15.62,15.75,788200,0
1984-05-18,15.62,15.75,15.25,15.5,729000,0
1984-05-21,15.44,15.69,15,15.19,940000,0
1984-05-22,15.19,15.38,14.81,15.38,466200,0
1984-05-23,15.44,15.69,15.31,15.44,488800,0
1984-05-24,15.38,15.44,14.75,15.25,996200,0
1984-05-25,15.06,15.56,15.06,15.44,451800,0
1984-05-29,15.62,15.69,15.19,15.31,285400,0
1984-05-30,15.38,16.38,14.81,15.75,1185400,0
1984-05-31,15.75,16,15.38,15.81,570600,0
1984-06-01,16,16.25,15.94,16.19,762200,0
1984-06-04,16.38,16.5,15.88,15.94,761600,0
1984-06-05,15.88,16.19,15.69,16,796200,0
1984-06-06,16,16.5,15.88,16.5,447800,0
1984-06-07,16.32,16.62,16.12,16.57,546000,0
1984-06-08,16.38,16.57,16.25,16.32,301600,0
1984-06-11,16.25,16.38,15.5,15.62,619400,0
1984-06-12,15.25,15.56,15,15.56,545600,0
1984-06-13,15.81,15.88,15.25,15.38,502200,0
1984-06-14,15.25,15.25,14.06,14.25,3394000,0
1984-06-15,14.5,14.69,14.25,14.69,847800,0
1984-06-18,14.69,15.5,14.5,15.5,940600,0
1984-06-19,15.5,15.69,15.25,15.25,886600,0
1984-06-20,15,16,14.94,16,1026000,0
1984-06-21,16,16.44,15.88,15.94,1876000,0
1984-06-22,15.94,16.32,15.62,16,848200,0
1984-06-25,16.07,16.19,15.75,15.75,328800,0
1984-06-26,15.75,15.75,15,15.06,885000,0
1984-06-27,15.25,15.38,14.81,15,891800,0
1984-06-28,15,15.5,15,15.38,522400,0
1984-06-29,15.5,15.81,15.38,15.38,440000,0
1984-07-02,15.38,15.5,15.06,15.19,406200,0
1984-07-03,15.31,15.5,15.25,15.44,327200,0
1984-07-05,15.31,15.44,15.12,15.12,254400,0
1984-07-06,15.25,15.62,14.94,15.25,841200,0
1984-07-09,15.31,15.56,15.19,15.44,689000,0
1984-07-10,15.5,15.81,15.5,15.56,874400,0
1984-07-11,15.56,15.75,15.12,15.12,705000,0
1984-07-12,15.25,15.25,14,14.56,1729000,0
1984-07-13,14.88,14.88,14.56,14.75,942600,0
1984-07-16,14.75,14.94,14.38,14.94,540000,0
1984-07-17,14.88,15.06,14.75,14.88,546800,0
1984-07-18,14.94,15,14.56,14.75,942800,0
1984-07-19,14.62,14.62,13.19,13.31,1940000,0
1984-07-20,13.5,13.75,13.25,13.31,1334400,0
1984-07-23,13.06,13.31,12.94,13.12,901200,0
1984-07-24,13.25,13.44,12.69,12.81,497800,0
1984-07-25,12.75,13.62,12.56,13.44,989400,0
1984-07-26,13.69,14.19,13.56,14.12,805400,0
1984-07-27,14.12,14.88,14.12,14.75,1004600,0
1984-07-30,14.69,14.88,14.06,14.12,344400,0
1984-07-31,14.12,14.62,14.12,14.5,436000,0
1984-08-01,14.5,15.31,14.5,15.31,1012200,0
1984-08-02,15.56,16.07,15.44,15.88,1727800,0
1984-08-03,18.32,18.32,16.88,17.57,4926200,0
1984-08-06,17.62,18.07,17.32,17.62,2303200,0
1984-08-07,17.44,17.94,17.12,17.69,1344600,0
1984-08-08,17.75,17.88,17.32,17.32,1073200,0
1984-08-09,17.32,19,17.25,18.88,2126200,0
1984-08-10,19.12,19.25,18.12,18.19,2220000,0
1984-08-13,18.12,19.12,18,19,885000,0
1984-08-14,19,19.12,18.38,18.44,869600,0
1984-08-15,18.32,18.75,18.12,18.5,1061800,0
1984-08-16,18.57,19.38,18.57,19.07,1228800,0
1984-08-17,19.38,19.44,19.12,19.38,986600,0
1984-08-20,19.32,19.57,19.19,19.57,720000,0
1984-08-21,19.5,20.25,19.5,20.25,1619600,0
1984-08-22,20.12,20.32,19.57,19.75,1054600,0
1984-08-23,19.75,20.5,19.69,20.5,885400,0
1984-08-24,20.38,20.57,20.12,20.38,765400,0
1984-08-27,20.12,20.12,19.75,20,602200,0
1984-08-28,20,20.25,20,20.19,622200,0
1984-08-29,20.25,20.44,20.25,20.32,470000,0
1984-08-30,20.25,20.38,19.94,19.94,432200,0
1984-08-31,19.62,19.88,19.38,19.69,495600,0
1984-09-04,19.5,19.57,19.12,19.44,387400,0
1984-09-05,19.32,19.62,19.19,19.57,365600,0
1984-09-06,19.69,19.88,19.62,19.75,465600,0
1984-09-07,19.69,19.75,18.69,19.07,721000,0
1984-09-10,18.82,19.19,18.32,19,1391200,0
1984-09-11,19.32,19.69,19.19,19.38,846200,0
1984-09-12,19.32,19.44,18.5,18.75,846000,0
1984-09-13,18.69,19.44,18,19.44,2309400,0
1984-09-14,19.75,20,19.5,19.75,1401200,0
1984-09-17,19.69,20.19,19.69,20.12,695400,0
1984-09-18,19.88,19.88,19.5,19.62,896600,0
1984-09-19,19.57,19.57,18.19,18.5,1203200,0
1984-09-20,18.5,18.82,18.25,18.75,1449600,0
1984-09-21,18.75,19.12,18.57,18.62,992200,0
1984-09-24,18.57,18.69,18.32,18.32,560400,0
1984-09-25,18.38,18.38,18.12,18.32,493200,0
1984-09-26,18.38,18.57,17.75,17.88,944600,0
1984-09-27,17.25,17.69,17.19,17.57,2226200,0
1984-09-28,17.44,17.75,17.25,17.38,732600,0
1984-10-01,17.12,17.25,16.75,16.82,472400,0
1984-10-02,16.82,17.19,16.5,16.5,836600,0
1984-10-03,16.5,17.38,16.19,17.25,1501000,0
1984-10-04,17.25,17.69,17.12,17.32,799400,0
1984-10-05,17.12,17.25,16.5,16.57,1556600,0
1984-10-08,16.57,16.62,16,16.25,1122200,0
1984-10-09,16.69,16.69,16.32,16.5,1022200,0
1984-10-10,16.69,17.88,16.5,17.82,1539000,0
1984-10-11,17.62,17.62,17,17.19,1749400,0
1984-10-12,17.19,17.62,17.19,17.38,1028400,0
1984-10-15,17.38,17.94,17.38,17.82,892800,0
1984-10-16,17.82,17.82,17.44,17.5,563400,0
1984-10-17,17.38,17.44,17.12,17.32,726800,0
1984-10-18,17.32,18.32,17.32,18.32,1438200,0
1984-10-19,18.69,18.69,17.88,18.07,1609600,0
1984-10-22,18,18.25,17.69,17.75,507400,0
1984-10-23,17.94,18.38,17.88,18.32,832600,0
1984-10-24,18.25,18.44,17.62,17.75,1364600,0
1984-10-25,17.62,17.62,16.44,16.57,2368200,0
1984-10-26,15.5,15.75,15.31,15.56,3152600,0
1984-10-29,15.62,16,15.56,15.62,720400,0
1984-10-30,15.75,16.32,15.75,16.19,996200,0
1984-10-31,16.25,16.32,16,16,631000,0
1984-11-01,16.12,16.19,15.25,15.31,1145400,0
1984-11-02,15.44,15.44,14.56,14.81,2838800,0
1984-11-05,14.88,15.19,14.69,15.19,1210600,0
1984-11-06,15.19,15.75,15.19,15.75,1192200,0
1984-11-07,15.69,15.69,15.31,15.5,1423800,0
1984-11-08,15.38,15.81,15.19,15.75,955600,0
1984-11-09,16,16.07,15.5,15.56,807600,0
1984-11-12,15.56,15.62,15.31,15.62,661200,0
1984-11-13,15.44,15.5,15.19,15.19,997600,0
1984-11-14,15.12,15.25,14.81,15,1083800,0
1984-11-15,14.88,15.12,14.75,14.88,1207200,0
1984-11-16,14.88,15,14.56,14.56,614400,0
1984-11-19,14.56,14.69,14.31,14.5,890600,0
1984-11-20,14.69,14.81,14.5,14.69,666200,0
1984-11-21,14.56,14.56,13.69,14.31,1509000,0
1984-11-23,14.31,14.5,14.06,14.06,505400,0
1984-11-26,14.25,14.5,14.12,14.25,874600,0
1984-11-27,14.25,14.44,14.06,14.06,1204400,0
1984-11-28,13.81,13.88,13.5,13.5,983400,0
1984-11-29,13.5,13.81,13.31,13.81,869000,0
1984-11-30,13.62,14.06,13.62,13.88,476600,0
1984-12-03,13.75,14.12,13.5,14.12,327800,0
1984-12-04,14,14.44,14,14.25,901800,0
1984-12-05,14.12,14.25,13.88,14.12,875000,0
1984-12-06,14.06,14.81,14.06,14.5,1200000,0
1984-12-07,14.62,14.88,14.44,14.44,981800,0
1984-12-10,14.25,14.31,13.75,13.81,919600,0
1984-12-11,13.81,13.88,13.12,13.5,839400,0
1984-12-12,13.5,13.56,13.31,13.44,674000,0
1984-12-13,13.38,13.44,12.69,12.75,1288400,0
1984-12-14,12.75,13.44,12.69,13,1181200,0
1984-12-17,12.94,13.06,12.75,13.06,576200,0
1984-12-18,13.31,14.19,13.31,14.19,1690600,0
1984-12-19,14.38,15.25,14.06,14.62,2985000,0
1984-12-20,14.38,14.56,14.19,14.25,1166800,0
1984-12-21,14.38,14.5,13.81,14.5,594000,0
1984-12-24,14.62,15,14.56,14.88,640600,0
1984-12-26,14.88,14.94,14.81,14.94,189000,0
1984-12-27,14.88,15.12,14.69,14.69,645600,0
1984-12-28,14.69,14.88,14.56,14.81,420600,0
1984-12-31,14.81,14.88,14.69,14.75,308200,0
1985-01-02,14.69,14.69,14.38,14.5,444600,0
1985-01-03,14.5,14.81,14.31,14.44,821800,0
1985-01-04,14.38,14.69,14.31,14.5,715600,0
1985-01-07,14.62,14.69,14.19,14.31,591000,0
1985-01-08,14.31,14.38,13.19,13.44,2028200,0
1985-01-09,13.56,14.5,13.56,14.19,1524400,0
1985-01-10,14.31,15,14.12,15,884000,0
1985-01-11,15.06,15.38,14.94,15.25,1964400,0
1985-01-14,15.38,16.25,15.38,16.12,1841000,0
1985-01-15,16.19,16.62,16.12,16.32,1941600,0
1985-01-16,16.38,16.5,16.12,16.38,1459000,0
1985-01-17,16.44,16.57,15.94,16,808200,0
1985-01-18,16.12,16.25,16,16.07,420400,0
1985-01-21,16.12,16.75,16.12,16.69,919000,0
1985-01-22,17,17.19,16.94,16.94,1768800,0
1985-01-23,16.94,17.57,16.82,17.5,1226600,0
1985-01-24,17.62,17.82,17.19,17.19,1408400,0
1985-01-25,17.25,17.57,17,17.38,1073400,0
1985-01-28,17.5,17.62,17.19,17.25,546800,0
1985-01-29,17.12,17.75,16.82,17.75,964000,0
1985-01-30,18,18.19,17.69,17.94,1418800,0
1985-01-31,17.82,17.82,17.38,17.57,1014600,0
1985-02-01,17.32,17.38,17.12,17.32,737600,0
1985-02-04,17.32,17.88,17.25,17.69,628400,0
1985-02-05,17.94,18.07,17.57,17.69,877800,0
1985-02-06,17.82,17.82,17.38,17.38,621600,0
1985-02-07,17.44,17.62,17.32,17.44,429600,0
1985-02-08,17.5,17.5,17.12,17.25,910000,0
1985-02-11,17.32,17.69,17.25,17.44,431000,0
1985-02-12,17.44,17.75,17.32,17.57,565000,0
1985-02-13,17.38,18,17.19,17.94,1386800,0
1985-02-14,17.82,17.94,17.19,17.19,856000,0
1985-02-15,17.07,17.25,16.25,16.57,1222200,0
1985-02-19,16.57,16.62,16.12,16.32,946800,0
1985-02-20,16.32,16.94,16.32,16.88,765400,0
1985-02-21,16.69,16.82,16.62,16.82,501600,0
1985-02-22,16.75,16.75,16.32,16.44,1118200,0
1985-02-25,16.32,16.32,15.81,16,948800,0
1985-02-26,16,16.88,16,16.75,814400,0
1985-02-27,16.62,16.94,16.38,16.5,996200,0
1985-02-28,16.44,16.69,16.44,16.62,291000,0
1985-03-01,16.69,17,16.62,16.69,782600,0
1985-03-04,16.82,16.82,16.19,16.25,703400,0
1985-03-05,16.32,16.44,15.94,16.19,1181600,0
1985-03-06,16.19,16.19,15.75,15.81,1009400,0
1985-03-07,15.69,16.12,15.62,15.88,716200,0
1985-03-08,15.88,16.19,15.88,16,673400,0
1985-03-11,16.07,16.19,15.94,16.07,503400,0
